case_no,Player,Year,Age,Tm,G,GS,Cmp,Att,Yds,Int,Sk,TD
1,Peyton Manning\MannPe00,2013,37,DEN,16,16,450,659,5477,10,18,55
2,Tom Brady\BradTo00,2007,30,NWE,16,16,398,578,4806,8,21,50
3,Peyton Manning\MannPe00,2004,28,IND,16,16,336,497,4557,10,13,49
4,Drew Brees\BreeDr00,2011,32,NOR,16,16,468,657,5476,14,24,46
5,Aaron Rodgers\RodgAa00,2011,28,GNB,15,15,343,502,4643,6,36,45
6,Drew Brees\BreeDr00,2012,33,NOR,16,16,422,670,5177,19,26,43
7,Matthew Stafford\StafMa00,2011,23,DET,16,16,421,663,5038,16,36,41
8,Andrew Luck\LuckAn00,2014,25,IND,16,16,380,616,4761,16,27,40
9,Aaron Rodgers\RodgAa00,2016,33,GNB,16,16,401,610,4428,7,,40
10,Tom Brady\BradTo00,2011,34,NWE,16,16,401,611,5235,12,32,39
11,Drew Brees\BreeDr00,2013,34,NOR,16,16,446,650,5162,12,37,39
12,Daunte Culpepper\CulpDa00,2004,27,MIN,16,16,379,548,4717,11,46,39
13,Peyton Manning\MannPe00,2014,38,DEN,16,16,395,597,4727,15,17,39
14,Aaron Rodgers\RodgAa00,2012,29,GNB,16,16,371,552,4761,8,51,39
15,Aaron Rodgers\RodgAa00,2014,31,GNB,16,16,341,520,4381,5,28,38
16,Matt Ryan\RyanMa00,2016,31,ATL,16,16,,534,4944,7,37,38
17,Drew Brees\BreeDr00,2016,37,NOR,16,16,471,673,5208,15,27,37
18,Peyton Manning\MannPe00,2012,36,DEN,16,16,400,583,4659,11,21,37
19,Tom Brady\BradTo00,2015,38,NWE,16,16,402,624,4770,7,38,36
20,Tom Brady\BradTo00,2010,33,NWE,16,16,324,492,3900,4,25,36
21,Tony Romo\RomoTo00,2007,27,DAL,16,16,335,520,4211,19,24,36
22,Kurt Warner*\WarnKu00,2001,30,STL,16,16,375,546,4830,17,38,36
23,Blake Bortles\BortBl00,2015,23,JAX,16,16,355,606,,,51,35
24,Eli Manning\MannEl00,2015,34,NYG,16,16,387,618,4432,14,27,35
25,Cam Newton\NewtCa00,2015,26,CAR,16,16,296,495,3837,10,33,35
26,Carson Palmer\PalmCa00,2015,36,ARI,16,16,342,537,4671,11,25,35
27,Tom Brady\BradTo00,2012,35,NWE,16,16,401,637,4827,8,27,34
28,Drew Brees\BreeDr00,2008,29,NOR,16,16,413,635,5069,17,13,34
29,Drew Brees\BreeDr00,2009,30,NOR,15,15,363,514,4388,11,20,34
30,Philip Rivers\RivePh00,2008,27,SDG,16,16,312,478,4009,11,25,34
31,Tony Romo\RomoTo00,2014,34,DAL,15,15,304,435,3705,9,29,34
32,Russell Wilson\WilsRu00,2017,29,SEA,16,16,339,553,3983,,43,34
33,Russell Wilson\WilsRu00,2015,27,SEA,16,16,329,483,4024,8,45,34
34,Tom Brady\BradTo00,2014,37,NWE,16,16,373,582,4529,9,21,33
35,Drew Brees\BreeDr00,2010,31,NOR,16,16,448,658,4620,22,25,33
36,Drew Brees\BreeDr00,2014,35,NOR,16,16,456,659,4952,17,29,33
37,Daunte Culpepper\CulpDa00,2000,23,MIN,16,16,297,474,3937,16,34,33
38,Andy Dalton\DaltAn00,2013,26,CIN,16,16,363,,4293,20,29,33
39,Brett Favre*\FavrBr00,2009,40,MIN,16,16,363,531,4202,7,34,33
40,Peyton Manning\MannPe00,2000,24,IND,16,16,357,571,4413,15,20,33
41,Peyton Manning\MannPe00,2009,33,IND,16,16,393,571,4500,16,10,33
42,Peyton Manning\MannPe00,2010,34,IND,16,16,450,679,4700,17,16,33
43,Philip Rivers\RivePh00,2016,35,SDG,16,16,349,578,4386,21,36,33
44,Carson Wentz\WentCa00,2017,25,PHI,13,13,265,440,3296,7,28,33
45,Tom Brady\BradTo00,2017,40,NWE,16,16,385,581,4577,8,,32
46,Drew Brees\BreeDr00,2015,36,NOR,15,15,428,627,4870,11,31,32
47,Derek Carr\CarrDe02,2015,24,OAK,16,16,350,573,3987,13,31,32
48,Brett Favre*\FavrBr00,2001,32,GNB,16,16,314,510,3921,15,22,32
49,Brett Favre*\FavrBr00,2003,34,GNB,16,16,308,471,3361,21,19,32
50,Jeff Garcia\GarcJe00,2001,31,SFO,16,16,316,504,3538,12,26,32
51,Carson Palmer\PalmCa00,2005,26,CIN,16,16,345,509,3836,12,19,32
52,Philip Rivers\RivePh00,2013,32,SDG,16,16,378,544,4478,11,30,32
53,Ben Roethlisberger\RoetBe00,2007,25,PIT,15,15,264,404,3154,11,47,32
54,Ben Roethlisberger\RoetBe00,2014,32,PIT,16,16,408,608,4952,9,33,32
55,Matt Ryan\RyanMa00,2012,27,ATL,16,16,422,615,4719,14,28,32
56,Matthew Stafford\StafMa00,2015,27,DET,16,16,398,592,4262,13,44,32
57,Ryan Fitzpatrick\FitzRy00,2015,33,NYJ,16,16,335,562,3905,15,19,31
58,Jeff Garcia\GarcJe00,2000,30,SFO,16,16,355,561,4278,14,24,31
59,Andrew Luck\LuckAn00,2016,27,IND,15,15,346,545,4240,13,41,31
60,Eli Manning\MannEl00,2010,29,NYG,16,16,339,539,4002,25,16,31
61,Peyton Manning\MannPe00,2006,30,IND,16,16,362,557,4397,9,14,31
62,Peyton Manning\MannPe00,2007,31,IND,16,16,337,515,4040,14,21,31
63,Donovan McNabb\McNaDo00,2004,28,PHI,15,15,300,469,3875,8,32,31
64,Philip Rivers\RivePh00,2014,33,SDG,16,16,379,570,4286,18,36,31
65,Aaron Rodgers\RodgAa00,2015,32,GNB,16,16,347,572,3821,8,46,31
66,Tony Romo\RomoTo00,2011,31,DAL,16,16,346,522,4184,10,36,31
67,Tony Romo\RomoTo00,2013,33,DAL,15,15,342,535,3828,10,35,31
68,Brett Favre*\FavrBr00,2004,35,GNB,16,16,346,540,4088,17,12,30
69,Eli Manning\MannEl00,2014,33,NYG,16,16,379,601,4410,14,28,30
70,Philip Rivers\RivePh00,2010,29,SDG,16,16,357,541,4710,13,38,30
71,Aaron Rodgers\RodgAa00,2009,26,GNB,16,16,350,541,4434,7,50,30
72,Kurt Warner*\WarnKu00,2008,37,ARI,16,16,401,598,4583,14,26,30
73,Derek Anderson\AndeDe00,2007,24,CLE,16,15,298,527,3787,19,14,29
74,Kirk Cousins\CousKi00,2015,27,WAS,16,16,379,543,4166,11,26,29
75,Jake Delhomme\DelhJa00,2004,29,CAR,16,16,310,533,3886,15,33,29
76,Eli Manning\MannEl00,2011,30,NYG,16,16,359,589,4933,16,28,29
77,Peyton Manning\MannPe00,2003,27,IND,16,16,379,566,4267,10,18,29
78,Philip Rivers\RivePh00,2015,34,SDG,16,16,437,661,4792,13,40,29
79,Ben Roethlisberger\RoetBe00,2016,34,PIT,14,14,328,509,3819,13,17,29
80,Matt Ryan\RyanMa00,2011,26,ATL,16,16,347,566,4177,12,26,29
81,Matt Schaub\SchaMa00,2009,28,HOU,16,16,396,583,4770,15,25,29
82,Matthew Stafford\StafMa00,2017,29,DET,16,16,371,565,4446,10,47,29
83,Matthew Stafford\StafMa00,2013,25,DET,16,16,371,634,4650,19,23,29
84,Tom Brady\BradTo00,2002,25,NWE,16,16,373,601,3764,14,31,28
85,Tom Brady\BradTo00,2009,32,NWE,16,16,371,565,4398,13,16,28
86,Tom Brady\BradTo00,2016,39,NWE,12,12,291,432,3554,2,15,28
87,Tom Brady\BradTo00,2004,27,NWE,16,16,288,474,3692,14,26,28
88,Drew Brees\BreeDr00,2007,28,NOR,16,16,440,652,4423,18,16,28
89,Derek Carr\CarrDe02,2016,25,OAK,15,15,357,560,3937,6,16,28
90,Jay Cutler\CutlJa00,2014,31,CHI,15,15,370,561,3812,18,38,28
91,Brett Favre*\FavrBr00,2007,38,GNB,16,16,356,535,4155,15,15,28
92,Rich Gannon\GannRi00,2000,35,OAK,16,16,284,473,3430,11,28,28
93,Jared Goff\GoffJa00,2017,23,LAR,15,15,296,477,3804,7,25,28
94,Elvis Grbac\GrbaEl00,2000,30,KAN,15,15,326,547,4169,14,29,28
95,Matt Hasselbeck\HassMa00,2007,32,SEA,16,16,352,562,3966,12,33,28
96,Peyton Manning\MannPe00,2005,29,IND,16,16,305,453,3747,10,17,28
97,Carson Palmer\PalmCa00,2006,27,CIN,16,16,324,520,4035,13,36,28
98,Philip Rivers\RivePh00,2017,36,LAC,16,16,360,575,4515,10,18,28
99,Philip Rivers\RivePh00,2009,28,SDG,16,16,317,486,4254,9,25,28
100,Aaron Rodgers\RodgAa00,2008,25,GNB,16,16,341,536,4038,13,34,28
101,Aaron Rodgers\RodgAa00,2010,27,GNB,15,15,312,475,3922,11,31,28
102,Ben Roethlisberger\RoetBe00,2013,31,PIT,16,16,375,584,4261,14,42,28
103,Ben Roethlisberger\RoetBe00,2017,35,PIT,15,15,360,561,4251,14,21,28
104,Tony Romo\RomoTo00,2012,32,DAL,16,16,425,648,4903,19,36,28
105,Matt Ryan\RyanMa00,2014,29,ATL,16,16,415,628,4694,14,31,28
106,Matt Ryan\RyanMa00,2010,25,ATL,16,16,357,571,3705,9,23,28
107,Jameis Winston\WinsJa00,2016,22,TAM,16,16,345,567,4090,18,35,28
108,Drew Brees\BreeDr00,2004,25,SDG,15,15,262,400,3159,7,18,27
109,Aaron Brooks\BrooAa00,2002,26,NOR,16,16,283,528,3572,15,36,27
110,Matt Cassel\CassMa00,2010,28,KAN,15,15,262,450,3116,7,26,27
111,Kirk Cousins\CousKi00,2017,29,WAS,16,16,347,540,4093,13,41,27
112,Jay Cutler\CutlJa00,2009,26,CHI,16,16,336,555,3666,26,35,27
113,Andy Dalton\DaltAn00,2012,25,CIN,16,16,329,528,3669,16,46,27
114,Brett Favre*\FavrBr00,2002,33,GNB,16,16,341,551,3658,16,26,27
115,Joe Flacco\FlacJo00,2014,29,BAL,16,16,344,554,3986,12,19,27
116,Nick Foles\FoleNi00,2013,24,PHI,13,10,203,317,2891,2,28,27
117,Josh Freeman\FreeJo00,2012,24,TAM,16,16,306,558,4065,17,26,27
118,Rich Gannon\GannRi00,2001,36,OAK,16,16,361,549,3828,9,27,27
119,Trent Green\GreeTr00,2004,34,KAN,16,16,369,556,4591,17,32,27
120,Eli Manning\MannEl00,2009,28,NYG,16,16,317,509,4021,14,30,27
121,Peyton Manning\MannPe00,2002,26,IND,16,16,392,591,4200,19,23,27
122,Peyton Manning\MannPe00,2008,32,IND,16,16,371,555,4002,12,14,27
123,Jake Plummer\PlumJa00,2004,30,DEN,16,16,303,521,4089,20,15,27
124,Philip Rivers\RivePh00,2011,30,SDG,16,16,366,582,4624,20,30,27
125,Ryan Tannehill\TannRy00,2014,26,MIA,16,16,392,590,4045,12,46,27
126,Kurt Warner*\WarnKu00,2007,36,ARI,14,11,281,451,3417,17,20,27
127,Tom Brady\BradTo00,2005,28,NWE,16,16,334,530,4110,14,26,26
128,Drew Brees\BreeDr00,2006,27,NOR,16,16,356,554,4418,11,18,26
129,Aaron Brooks\BrooAa00,2001,25,NOR,16,16,312,558,3832,22,50,26
130,Rich Gannon\GannRi00,2002,37,OAK,16,16,418,618,4689,10,36,26
131,Trent Green\GreeTr00,2002,32,KAN,16,16,287,470,3690,13,26,26
132,Matt Hasselbeck\HassMa00,2003,28,SEA,16,16,313,513,3841,15,42,26
133,Brad Johnson\JohnBr00,2003,35,TAM,16,16,354,570,3811,21,20,26
134,Jon Kitna\KitnJo00,2003,31,CIN,16,16,324,520,3591,15,37,26
135,Eli Manning\MannEl00,2016,35,NYG,16,16,377,598,4027,16,21,26
136,Eli Manning\MannEl00,2012,31,NYG,16,16,321,536,3948,15,19,26
137,Peyton Manning\MannPe00,2001,25,IND,16,16,343,547,4131,23,29,26
138,Marcus Mariota\MariMa01,2016,23,TEN,15,15,276,451,3426,9,23,26
139,Carson Palmer\PalmCa00,2007,28,CIN,16,16,373,575,4131,20,17,26
140,Carson Palmer\PalmCa00,2010,31,CIN,16,16,362,586,3970,20,26,26
141,Carson Palmer\PalmCa00,2016,37,ARI,15,15,364,597,4233,14,40,26
142,Philip Rivers\RivePh00,2012,31,SDG,16,16,338,527,3606,15,49,26
143,Ben Roethlisberger\RoetBe00,2009,27,PIT,15,15,337,506,4328,12,50,26
144,Ben Roethlisberger\RoetBe00,2012,30,PIT,13,13,284,449,3265,8,30,26
145,Tony Romo\RomoTo00,2009,29,DAL,16,16,347,550,4483,9,34,26
146,Tony Romo\RomoTo00,2008,28,DAL,13,13,276,450,3448,14,20,26
147,Matt Ryan\RyanMa00,2013,28,ATL,16,16,439,651,4515,17,44,26
148,Mark Sanchez\SancMa00,2011,25,NYJ,16,16,308,543,3474,18,39,26
149,Alex Smith\SmitAl03,2017,33,KAN,15,15,341,505,4042,5,35,26
150,Kurt Warner*\WarnKu00,2009,38,ARI,15,15,339,513,3753,14,24,26
151,Russell Wilson\WilsRu00,2012,24,SEA,16,16,252,393,3118,10,33,26
152,Russell Wilson\WilsRu00,2013,25,SEA,16,16,257,407,3357,9,44,26
153,Tom Brady\BradTo00,2013,36,NWE,16,16,380,628,4343,11,40,25
154,Kirk Cousins\CousKi00,2016,28,WAS,16,16,406,606,4917,12,23,25
155,Daunte Culpepper\CulpDa00,2003,26,MIN,14,14,295,454,3479,11,37,25
156,Jay Cutler\CutlJa00,2008,25,DEN,16,16,384,616,4526,18,11,25
157,Andy Dalton\DaltAn00,2015,28,CIN,13,13,255,386,3250,7,20,25
158,Andy Dalton\DaltAn00,2017,30,CIN,16,16,297,496,3320,12,39,25
159,Joe Flacco\FlacJo00,2010,25,BAL,16,16,306,489,3622,10,40,25
160,Josh Freeman\FreeJo00,2010,22,TAM,16,16,291,474,3451,6,28,25
161,Donovan McNabb\McNaDo00,2001,25,PHI,16,16,285,493,3233,12,39,25
162,Drew Bledsoe\BledDr00,2002,30,BUF,16,16,375,610,4359,15,54,24
163,Tom Brady\BradTo00,2006,29,NWE,16,16,319,516,3529,12,26,24
164,Drew Brees\BreeDr00,2005,26,SDG,16,16,323,500,3576,15,27,24
165,Aaron Brooks\BrooAa00,2003,27,NOR,16,16,306,518,3546,8,34,24
166,Marc Bulger\BulgMa00,2006,29,STL,16,16,370,588,4301,8,49,24
167,Jake Delhomme\DelhJa00,2005,30,CAR,16,16,262,435,3421,16,28,24
168,Ryan Fitzpatrick\FitzRy00,2012,30,BUF,16,16,306,505,3400,16,30,24
169,Ryan Fitzpatrick\FitzRy00,2011,29,BUF,16,16,353,569,3832,23,22,24
170,Trent Green\GreeTr00,2003,33,KAN,16,16,330,523,4039,12,20,24
171,Matt Hasselbeck\HassMa00,2005,30,SEA,16,16,294,449,3459,9,24,24
172,Eli Manning\MannEl00,2005,24,NYG,16,16,294,557,3762,17,28,24
173,Eli Manning\MannEl00,2006,25,NYG,16,16,301,522,3244,18,25,24
174,Steve McNair\McNaSt00,2003,30,TEN,14,14,250,400,3215,7,19,24
175,Cam Newton\NewtCa00,2013,24,CAR,16,16,292,473,3379,13,43,24
176,Carson Palmer\PalmCa00,2013,34,ARI,16,16,362,572,4274,22,41,24
177,Matt Schaub\SchaMa00,2010,29,HOU,16,16,365,574,4370,12,32,24
178,Matthew Stafford\StafMa00,2016,28,DET,16,16,388,594,4327,10,37,24
179,Ryan Tannehill\TannRy00,2015,27,MIA,16,16,363,586,4208,12,45,24
180,Ryan Tannehill\TannRy00,2013,25,MIA,16,16,355,588,3913,17,58,24
181,Drew Bledsoe\BledDr00,2005,33,DAL,16,16,300,499,3639,17,49,23
182,Blake Bortles\BortBl00,2016,24,JAX,16,16,368,625,3905,16,34,23
183,Tom Brady\BradTo00,2003,26,NWE,16,16,317,527,3620,12,32,23
184,Drew Brees\BreeDr00,2017,38,NOR,16,16,386,536,4334,8,20,23
185,Mark Brunell\BrunMa00,2005,35,WAS,16,15,262,454,3050,10,27,23
186,Jay Cutler\CutlJa00,2010,27,CHI,15,15,261,432,3274,16,52,23
187,Ryan Fitzpatrick\FitzRy00,2010,28,BUF,13,13,255,441,3000,15,24,23
188,David Garrard\GarrDa00,2010,32,JAX,14,14,236,366,2734,15,33,23
189,Brian Griese\GrieBr00,2001,26,DEN,15,15,275,451,2827,19,38,23
190,Rex Grossman\GrosRe00,2006,26,CHI,16,16,262,480,3193,20,21,23
191,Andrew Luck\LuckAn00,2012,23,IND,16,16,339,627,4374,18,41,23
192,Andrew Luck\LuckAn00,2013,24,IND,16,16,343,570,3822,9,32,23
193,Eli Manning\MannEl00,2007,26,NYG,16,16,297,529,3336,20,27,23
194,Donovan McNabb\McNaDo00,2008,32,PHI,16,16,345,571,3916,11,23,23
195,Dak Prescott\PresDa01,2016,23,DAL,16,16,311,459,3667,4,25,23
196,Alex Smith\SmitAl03,2013,29,KAN,15,15,308,508,3313,7,39,23
197,Marc Bulger\BulgMa00,2003,26,STL,15,15,336,532,3845,22,37,22
198,Derek Carr\CarrDe02,2017,26,OAK,15,15,323,515,3496,13,20,22
199,Kerry Collins\CollKe00,2000,28,NYG,16,16,311,529,3610,13,28,22
200,Brett Favre*\FavrBr00,2008,39,NYJ,16,16,343,522,3472,22,30,22
201,Joe Flacco\FlacJo00,2012,27,BAL,16,16,317,531,3817,10,35,22
202,Matt Hasselbeck\HassMa00,2004,29,SEA,14,14,279,474,3382,15,30,22
203,Brad Johnson\JohnBr00,2002,34,TAM,13,13,281,451,3049,6,21,22
204,Case Keenum\KeenCa00,2017,29,MIN,15,14,325,481,3547,7,22,22
205,Donovan McNabb\McNaDo00,2009,33,PHI,14,14,267,443,3553,10,35,22
206,Steve McNair\McNaSt00,2002,29,TEN,16,16,301,492,3387,15,21,22
207,Cam Newton\NewtCa00,2017,28,CAR,16,16,291,492,3302,16,35,22
208,Carson Palmer\PalmCa00,2012,33,OAK,15,15,345,565,4018,14,26,22
209,Chad Pennington\PennCh01,2002,26,NYJ,15,12,275,399,3120,6,22,22
210,Dak Prescott\PresDa01,2017,24,DAL,16,16,308,490,3324,13,32,22
211,Philip Rivers\RivePh00,2006,25,SDG,16,16,284,460,3388,9,27,22
212,Matt Ryan\RyanMa00,2009,24,ATL,14,14,263,451,2916,14,19,22
213,Matt Schaub\SchaMa00,2012,31,HOU,16,16,350,544,4008,12,27,22
214,Matthew Stafford\StafMa00,2014,26,DET,16,16,363,602,4257,12,45,22
215,Jameis Winston\WinsJa00,2015,21,TAM,16,16,312,535,4042,15,27,22
216,Blake Bortles\BortBl00,2017,25,JAX,16,16,315,523,3687,13,24,21
217,Sam Bradford\BradSa00,2012,25,STL,16,16,328,551,3702,13,35,21
218,Aaron Brooks\BrooAa00,2004,28,NOR,16,16,309,542,3810,16,41,21
219,Marc Bulger\BulgMa00,2004,27,STL,14,14,321,485,3964,14,41,21
220,Derek Carr\CarrDe02,2014,23,OAK,16,16,348,599,3270,12,24,21
221,Matt Cassel\CassMa00,2008,26,NWE,16,15,327,516,3693,11,47,21
222,Kerry Collins\CollKe00,2004,32,OAK,14,13,289,513,3495,20,25,21
223,Jay Cutler\CutlJa00,2015,32,CHI,15,15,311,483,3659,11,29,21
224,Joe Flacco\FlacJo00,2009,24,BAL,16,16,315,499,3613,12,36,21
225,Jeff Garcia\GarcJe00,2002,32,SFO,16,16,328,528,3344,10,17,21
226,Colin Kaepernick\KaepCo00,2013,26,SFO,16,16,243,416,3197,8,39,21
227,Jon Kitna\KitnJo00,2006,34,DET,16,16,372,596,4208,22,63,21
228,Eli Manning\MannEl00,2008,27,NYG,16,16,289,479,3238,10,27,21
229,Donovan McNabb\McNaDo00,2000,24,PHI,16,16,330,569,3365,13,45,21
230,Steve McNair\McNaSt00,2001,28,TEN,15,15,264,431,3350,12,37,21
231,Cam Newton\NewtCa00,2011,22,CAR,16,16,310,517,4051,17,35,21
232,Kyle Orton\OrtoKy00,2009,27,DEN,16,15,336,541,3802,12,29,21
233,Carson Palmer\PalmCa00,2009,30,CIN,16,16,282,466,3094,13,26,21
234,Philip Rivers\RivePh00,2007,26,SDG,16,16,277,460,3152,15,22,21
235,Ben Roethlisberger\RoetBe00,2015,33,PIT,12,11,319,469,3938,16,20,21
236,Ben Roethlisberger\RoetBe00,2011,29,PIT,15,15,324,513,4077,14,40,21
237,Matt Ryan\RyanMa00,2015,30,ATL,16,16,407,614,4591,16,30,21
238,Vinny Testaverde\TestVi00,2000,37,NYJ,16,16,328,590,3732,25,13,21
239,Michael Vick\VickMi00,2010,30,PHI,12,12,233,372,3018,6,34,21
240,Kurt Warner*\WarnKu00,2000,29,STL,11,11,235,347,3429,18,20,21
241,Russell Wilson\WilsRu00,2016,28,SEA,16,16,353,546,4219,11,41,21
242,Drew Bledsoe\BledDr00,2004,32,BUF,16,16,256,450,2932,16,37,20
243,Sam Bradford\BradSa00,2016,29,MIN,15,15,395,552,3877,5,37,20
244,Mark Brunell\BrunMa00,2000,30,JAX,16,16,311,512,3640,14,54,20
245,Jason Campbell\CampJa00,2009,28,WAS,16,16,327,507,3618,15,43,20
246,Kerry Collins\CollKe00,2005,33,OAK,15,15,302,565,3759,12,39,20
247,Jay Cutler\CutlJa00,2007,24,DEN,16,16,297,467,3497,14,27,20
248,Andy Dalton\DaltAn00,2011,24,CIN,16,16,300,516,3398,13,24,20
249,Brett Favre*\FavrBr00,2005,36,GNB,16,16,372,607,3881,29,24,20
250,Brett Favre*\FavrBr00,2000,31,GNB,16,16,338,580,3812,16,33,20
251,Jay Fiedler\FiedJa00,2001,30,MIA,16,16,273,450,3290,19,27,20
252,Joe Flacco\FlacJo00,2011,26,BAL,16,16,312,542,3610,12,31,20
253,Joe Flacco\FlacJo00,2016,31,BAL,16,16,436,672,4317,15,33,20
254,Brian Griese\GrieBr00,2004,29,TAM,11,10,233,336,2632,12,26,20
255,Robert Griffin\GrifRo01,2012,22,WAS,15,15,258,393,3200,5,30,20
256,Tommy Maddox\MaddTo00,2002,31,PIT,15,11,234,377,2836,16,26,20
257,Kyle Orton\OrtoKy00,2010,28,DEN,13,13,293,498,3653,9,34,20
258,Matt Ryan\RyanMa00,2017,32,ATL,16,16,342,529,4095,12,24,20
259,Alex Smith\SmitAl03,2015,31,KAN,16,16,307,470,3486,7,45,20
260,Matthew Stafford\StafMa00,2012,24,DET,16,16,435,727,4967,17,29,20
261,Tyrod Taylor\TaylTy00,2015,26,BUF,14,14,242,380,3035,6,36,20
262,Michael Vick\VickMi00,2006,26,ATL,16,16,204,388,2474,13,45,20
263,Russell Wilson\WilsRu00,2014,26,SEA,16,16,285,452,3475,7,42,20
264,Steve Beuerlein\BeueSt00,2000,35,CAR,16,16,324,533,3730,18,62,19
265,Sam Bradford\BradSa00,2015,28,PHI,14,14,346,532,3725,14,28,19
266,Mark Brunell\BrunMa00,2001,31,JAX,15,15,289,473,3309,13,57,19
267,Kerry Collins\CollKe00,2001,29,NYG,16,16,327,568,3764,16,36,19
268,Kerry Collins\CollKe00,2002,30,NYG,16,16,335,545,4073,14,24,19
269,Jay Cutler\CutlJa00,2013,30,CHI,11,11,224,355,2621,12,19,19
270,Jay Cutler\CutlJa00,2017,34,MIA,14,14,266,429,2666,14,20,19
271,Jay Cutler\CutlJa00,2012,29,CHI,15,15,255,434,3033,14,38,19
272,Andy Dalton\DaltAn00,2014,27,CIN,16,16,309,481,3398,17,21,19
273,Jake Delhomme\DelhJa00,2003,28,CAR,16,15,266,449,3219,16,23,19
274,Joe Flacco\FlacJo00,2013,28,BAL,16,16,362,614,3912,22,48,19
275,Mike Glennon\GlenMi00,2013,24,TAM,13,13,247,416,2608,9,40,19
276,Brian Griese\GrieBr00,2000,25,DEN,10,10,216,336,2688,4,17,19
277,Joey Harrington\HarrJo00,2004,26,DET,16,16,274,489,3047,12,36,19
278,Brian Hoyer\HoyeBr00,2015,30,HOU,11,9,224,369,2606,7,25,19
279,Colin Kaepernick\KaepCo00,2014,27,SFO,16,16,289,478,3369,10,52,19
280,J.P. Losman\LosmJ.00,2006,25,BUF,16,16,268,429,3051,14,47,19
281,Eli Manning\MannEl00,2017,36,NYG,15,15,352,571,3468,13,31,19
282,Marcus Mariota\MariMa01,2015,22,TEN,12,12,230,370,2818,10,38,19
283,Donovan McNabb\McNaDo00,2007,31,PHI,14,14,291,473,3324,7,44,19
284,Cam Newton\NewtCa00,2016,27,CAR,15,14,270,510,3509,14,36,19
285,Cam Newton\NewtCa00,2012,23,CAR,16,16,280,485,3869,12,36,19
286,Chad Pennington\PennCh01,2008,32,MIA,16,16,321,476,3653,7,24,19
287,Tony Romo\RomoTo00,2006,26,DAL,16,10,220,337,2903,13,21,19
288,Ryan Tannehill\TannRy00,2016,28,MIA,13,13,261,389,2995,12,29,19
289,Deshaun Watson\WatsDe00,2017,22,HOU,7,6,126,204,1699,8,19,19
290,Jameis Winston\WinsJa00,2017,23,TAM,13,13,282,442,3504,11,33,19
291,Sam Bradford\BradSa00,2010,23,STL,16,16,354,590,3512,15,34,18
292,Tom Brady\BradTo00,2001,24,NWE,15,14,264,413,2843,12,41,18
293,Tim Couch\CoucTi00,2002,25,CLE,14,14,273,443,2842,18,30,18
294,Daunte Culpepper\CulpDa00,2002,25,MIN,16,16,333,549,3853,23,47,18
295,Andy Dalton\DaltAn00,2016,29,CIN,16,16,364,563,4206,8,41,18
296,Brett Favre*\FavrBr00,2006,37,GNB,16,16,343,613,3885,18,21,18
297,Joe Flacco\FlacJo00,2017,32,BAL,16,16,352,549,3141,13,27,18
298,Gus Frerotte\FrerGu00,2005,34,MIA,16,15,257,494,2996,13,26,18
299,Jeff Garcia\GarcJe00,2003,33,SFO,13,13,225,392,2704,13,21,18
300,David Garrard\GarrDa00,2007,29,JAX,12,12,208,325,2509,3,21,18
301,Matt Hasselbeck\HassMa00,2006,31,SEA,12,12,210,371,2442,15,34,18
302,Matt Hasselbeck\HassMa00,2011,36,TEN,16,16,319,518,3571,14,19,18
303,Shaun King\KingSh00,2000,23,TAM,16,16,233,428,2769,13,37,18
304,Jon Kitna\KitnJo00,2000,28,SEA,15,12,259,418,2658,19,33,18
305,Jon Kitna\KitnJo00,2007,35,DET,16,16,355,561,4068,20,51,18
306,Tommy Maddox\MaddTo00,2003,32,PIT,16,16,298,519,3414,17,41,18
307,Eli Manning\MannEl00,2013,32,NYG,16,16,317,551,3818,27,39,18
308,Josh McCown\McCoJo01,2017,38,NYJ,13,13,267,397,2926,9,39,18
309,Donovan McNabb\McNaDo00,2006,30,PHI,10,10,180,316,2647,6,21,18
310,Cam Newton\NewtCa00,2014,25,CAR,14,14,262,448,3127,12,38,18
311,Kyle Orton\OrtoKy00,2008,26,CHI,15,15,272,465,2972,12,27,18
312,Kyle Orton\OrtoKy00,2014,32,BUF,12,12,287,447,3018,10,33,18
313,Carson Palmer\PalmCa00,2004,25,CIN,13,13,263,432,2897,18,25,18
314,Jake Plummer\PlumJa00,2001,27,ARI,16,16,304,525,3653,14,29,18
315,Jake Plummer\PlumJa00,2002,28,ARI,16,16,284,530,2972,20,36,18
316,Jake Plummer\PlumJa00,2005,31,DEN,16,16,277,456,3366,7,22,18
317,Christian Ponder\PondCh00,2012,24,MIN,16,16,300,483,2935,12,32,18
318,Ben Roethlisberger\RoetBe00,2006,24,PIT,15,15,280,469,3513,23,46,18
319,Trevor Siemian\SiemTr00,2016,25,DEN,14,14,289,486,3401,10,31,18
320,Alex Smith\SmitAl03,2014,30,KAN,15,15,303,464,3265,6,45,18
321,Alex Smith\SmitAl03,2009,25,SFO,11,10,225,372,2350,12,22,18
322,Tyler Thigpen\ThigTy00,2008,24,KAN,14,11,230,420,2608,12,26,18
323,Michael Vick\VickMi00,2011,31,PHI,13,13,253,423,3303,14,23,18
324,Billy Volek\VoleBi00,2004,28,TEN,10,8,218,357,2486,10,30,18
325,Drew Bledsoe\BledDr00,2000,28,NWE,16,16,312,531,3291,13,45,17
326,Drew Brees\BreeDr00,2002,23,SDG,16,16,320,526,3284,16,24,17
327,Mark Brunell\BrunMa00,2002,32,JAX,15,15,245,416,2788,7,34,17
328,Quincy Carter\CartQu00,2003,26,DAL,16,16,292,505,3302,21,37,17
329,Tim Couch\CoucTi00,2001,24,CLE,16,16,272,454,3040,21,51,17
330,Jake Delhomme\DelhJa00,2006,31,CAR,13,13,263,431,2805,11,22,17
331,Ryan Fitzpatrick\FitzRy00,2014,32,HOU,12,12,197,312,2483,8,21,17
332,Trent Green\GreeTr00,2005,35,KAN,16,16,317,507,4014,10,32,17
333,Trent Green\GreeTr00,2001,31,KAN,16,16,296,523,3783,24,39,17
334,Joey Harrington\HarrJo00,2003,25,DET,16,16,309,554,2880,22,9,17
335,Matt Hasselbeck\HassMa00,2009,34,SEA,14,14,293,488,3029,17,32,17
336,Donovan McNabb\McNaDo00,2002,26,PHI,10,10,211,361,2289,6,28,17
337,Chad Pennington\PennCh01,2006,30,NYJ,16,16,313,485,3352,16,30,17
338,Aaron Rodgers\RodgAa00,2013,30,GNB,9,9,193,290,2536,6,21,17
339,Ben Roethlisberger\RoetBe00,2004,22,PIT,14,13,196,295,2621,11,30,17
340,Ben Roethlisberger\RoetBe00,2010,28,PIT,12,12,240,389,3200,5,32,17
341,Ben Roethlisberger\RoetBe00,2005,23,PIT,12,12,168,268,2385,9,23,17
342,Ben Roethlisberger\RoetBe00,2008,26,PIT,16,16,281,469,3301,15,46,17
343,Mark Sanchez\SancMa00,2010,24,NYJ,16,16,278,507,3291,13,27,17
344,Alex Smith\SmitAl03,2011,27,SFO,16,16,273,445,3144,5,44,17
345,Tyrod Taylor\TaylTy00,2016,27,BUF,15,15,269,436,3023,6,42,17
346,Vinny Testaverde\TestVi00,2004,41,DAL,16,15,297,495,3532,20,34,17
347,David Carr\CarrDa00,2004,25,HOU,16,16,285,466,3531,14,49,16
348,Matt Cassel\CassMa00,2009,27,KAN,15,15,271,493,2924,16,42,16
349,Chris Chandler\ChanCh00,2001,36,ATL,14,14,223,365,2847,14,41,16
350,Josh Freeman\FreeJo00,2011,23,TAM,15,15,346,551,3592,22,29,16
351,Trent Green\GreeTr00,2000,30,STL,8,5,145,240,2063,5,24,16
352,Robert Griffin\GrifRo01,2013,23,WAS,13,13,274,456,3203,12,38,16
353,Rex Grossman\GrosRe00,2011,31,WAS,13,13,265,458,3151,20,25,16
354,Shaun Hill\HillSh00,2010,30,DET,11,10,257,416,2686,12,17,16
355,Colin Kaepernick\KaepCo00,2016,29,SFO,12,11,196,331,2241,4,36,16
356,Jon Kitna\KitnJo00,2002,30,CIN,14,12,294,473,3178,16,24,16
357,Jon Kitna\KitnJo00,2010,38,DAL,10,9,209,318,2365,12,21,16
358,Donovan McNabb\McNaDo00,2003,27,PHI,16,16,275,478,3216,11,43,16
359,Donovan McNabb\McNaDo00,2005,29,PHI,9,9,211,357,2507,9,19,16
360,Steve McNair\McNaSt00,2005,32,TEN,14,14,292,476,3161,11,20,16
361,Steve McNair\McNaSt00,2006,33,BAL,16,16,295,468,3050,12,14,16
362,Matt Moore\MoorMa01,2011,27,MIA,13,12,210,347,2497,9,36,16
363,Chad Pennington\PennCh01,2004,28,NYJ,13,13,242,370,2673,9,18,16
364,Aaron Rodgers\RodgAa00,2017,34,GNB,7,7,154,238,1675,6,22,16
365,Matt Ryan\RyanMa00,2008,23,ATL,16,16,265,434,3440,11,17,16
366,Alex Smith\SmitAl03,2006,22,SFO,16,16,257,442,2890,16,35,16
367,Michael Vick\VickMi00,2002,22,ATL,15,15,231,421,2936,8,33,16
368,Carson Wentz\WentCa00,2016,24,PHI,16,16,379,607,3782,14,33,16
369,Jake Delhomme\DelhJa00,2008,33,CAR,16,16,246,414,3288,12,20,15
370,Doug Flutie\FlutDo00,2001,39,SDG,16,16,294,521,3464,18,25,15
371,David Garrard\GarrDa00,2009,31,JAX,16,16,314,516,3597,10,42,15
372,David Garrard\GarrDa00,2008,30,JAX,16,16,335,535,3620,13,42,15
373,Elvis Grbac\GrbaEl00,2001,31,BAL,14,14,265,467,3033,18,28,15
374,Brian Griese\GrieBr00,2002,27,DEN,13,13,291,436,3214,15,34,15
375,Matt Hasselbeck\HassMa00,2002,27,SEA,16,10,267,419,3075,10,26,15
376,Chad Henne\HennCh01,2010,25,MIA,15,14,301,490,3301,19,30,15
377,Byron Leftwich\LeftBy00,2004,24,JAX,14,14,267,441,2941,10,25,15
378,Byron Leftwich\LeftBy00,2005,25,JAX,11,11,175,302,2123,5,23,15
379,Andrew Luck\LuckAn00,2015,26,IND,7,7,162,293,1881,12,15,15
380,Steve McNair\McNaSt00,2000,27,TEN,16,15,248,396,2847,13,24,15
381,Brock Osweiler\OsweBr00,2016,26,HOU,15,14,301,510,2957,16,27,15
382,Rodney Peete\PeetRo00,2002,36,CAR,14,14,223,381,2630,14,31,15
383,Jake Plummer\PlumJa00,2003,29,DEN,11,11,189,302,2182,7,14,15
384,Sage Rosenfels\RoseSa00,2007,29,HOU,9,5,154,240,1684,12,6,15
385,Matt Schaub\SchaMa00,2008,27,HOU,11,11,251,380,3043,10,23,15
386,Matt Schaub\SchaMa00,2011,30,HOU,10,10,178,292,2479,6,16,15
387,Alex Smith\SmitAl03,2016,32,KAN,15,15,328,489,3502,8,28,15
388,Vinny Testaverde\TestVi00,2001,38,NYJ,16,16,260,441,2752,14,18,15
389,Michael Vick\VickMi00,2005,25,ATL,15,15,214,387,2412,13,33,15
390,Sam Bradford\BradSa00,2013,26,STL,7,7,159,262,1687,4,15,14
391,Teddy Bridgewater\BridTe00,2015,23,MIN,16,16,292,447,3231,9,44,14
392,Teddy Bridgewater\BridTe00,2014,22,MIN,13,12,259,402,2919,12,39,14
393,Marc Bulger\BulgMa00,2002,25,STL,7,7,138,214,1826,6,12,14
394,Marc Bulger\BulgMa00,2005,28,STL,8,8,192,287,2297,9,26,14
395,David Carr\CarrDa00,2005,26,HOU,16,16,256,423,2488,11,68,14
396,Kerry Collins\CollKe00,2010,38,TEN,10,7,160,278,1823,8,13,14
397,Daunte Culpepper\CulpDa00,2001,24,MIN,11,11,235,366,2612,13,33,14
398,Jay Fiedler\FiedJa00,2002,31,MIA,11,10,179,292,2024,9,13,14
399,Jay Fiedler\FiedJa00,2000,29,MIA,15,15,204,357,2402,14,23,14
400,Ryan Fitzpatrick\FitzRy00,2013,31,TEN,11,9,217,350,2454,12,21,14
401,Joe Flacco\FlacJo00,2008,23,BAL,16,16,257,428,2971,12,32,14
402,Joe Flacco\FlacJo00,2015,30,BAL,10,10,266,413,2791,12,16,14
403,Tarvaris Jackson\JackTa00,2011,28,SEA,15,14,271,450,3091,13,42,14
404,Byron Leftwich\LeftBy00,2003,23,JAX,15,13,239,418,2819,16,19,14
405,Colt McCoy\McCoCo00,2011,25,CLE,13,13,265,463,2733,11,32,14
406,Donovan McNabb\McNaDo00,2010,34,WAS,13,13,275,472,3377,15,37,14
407,Patrick Ramsey\RamsPa00,2003,24,WAS,11,11,179,337,2166,9,30,14
408,Mark Sanchez\SancMa00,2014,28,PHI,9,8,198,309,2418,11,23,14
409,Alex Smith\SmitAl03,2010,26,SFO,11,10,204,342,2370,10,25,14
410,Kordell Stewart\StewKo00,2001,29,PIT,16,16,266,442,3109,11,29,14
411,Tyrod Taylor\TaylTy00,2017,28,BUF,15,14,263,420,2799,4,46,14
412,Michael Vick\VickMi00,2004,24,ATL,15,15,181,321,2313,12,46,14
413,Brandon Weeden\WeedBr00,2012,29,CLE,15,15,297,517,3385,17,28,14
414,Charlie Batch\BatcCh00,2000,26,DET,15,15,221,412,2489,15,41,13
415,Jeff Blake\BlakJe00,2002,32,BAL,11,10,165,295,2084,11,30,13
416,Jeff Blake\BlakJe00,2003,33,ARI,13,13,208,367,2247,15,19,13
417,Jeff Blake\BlakJe00,2000,30,NOR,11,11,184,302,2025,9,24,13
418,Kyle Boller\BollKy00,2004,23,BAL,16,16,258,464,2559,11,35,13
419,Jacoby Brissett\BrisJa00,2017,24,IND,16,15,276,469,3098,7,52,13
420,Aaron Brooks\BrooAa00,2005,29,NOR,13,13,240,431,2882,17,33,13
421,Jason Campbell\CampJa00,2010,29,OAK,13,12,194,329,2387,8,33,13
422,Jason Campbell\CampJa00,2008,27,WAS,16,16,315,506,3245,6,38,13
423,Kerry Collins\CollKe00,2003,31,NYG,13,13,284,500,3110,16,28,13
424,Jay Cutler\CutlJa00,2011,28,CHI,10,10,182,314,2319,7,23,13
425,Nick Foles\FoleNi00,2014,25,PHI,8,8,186,311,2163,10,9,13
426,Jeff Garcia\GarcJe00,2007,37,TAM,13,13,209,327,2440,4,19,13
427,Chad Henne\HennCh01,2013,28,JAX,15,13,305,503,3241,14,38,13
428,Shaun Hill\HillSh00,2008,28,SFO,9,8,181,288,2046,8,23,13
429,Brad Johnson\JohnBr00,2001,33,TAM,16,16,340,559,3406,11,44,13
430,Marcus Mariota\MariMa01,2017,24,TEN,15,15,281,453,3232,15,27,13
431,Josh McCown\McCoJo01,2013,34,CHI,8,5,149,224,1829,1,11,13
432,Jim Miller\MillJi00,2001,30,CHI,14,13,228,395,2299,10,11,13
433,Jim Miller\MillJi00,2002,31,CHI,10,8,180,314,1944,9,16,13
434,Carson Palmer\PalmCa00,2011,32,OAK,10,9,199,328,2753,16,17,13
435,Chad Pennington\PennCh01,2003,27,NYJ,10,9,189,297,2139,12,25,13
436,Jake Plummer\PlumJa00,2000,26,ARI,14,14,270,475,2946,21,22,13
437,Christian Ponder\PondCh00,2011,23,MIN,11,10,158,291,1853,13,30,13
438,JaMarcus Russell\RussJa00,2008,23,OAK,15,15,198,368,2423,8,31,13
439,Mark Sanchez\SancMa00,2012,26,NYJ,15,15,246,453,2883,18,34,13
440,Alex Smith\SmitAl03,2012,28,SFO,10,9,153,218,1737,5,24,13
441,Geno Smith\SmitGe00,2014,24,NYJ,14,13,219,367,2525,13,28,13
442,Matthew Stafford\StafMa00,2009,21,DET,10,10,201,377,2267,20,24,13
443,Charlie Batch\BatcCh00,2001,27,DET,10,9,198,341,2392,12,33,12
444,Jason Campbell\CampJa00,2007,26,WAS,13,13,250,417,2700,11,21,12
445,Kerry Collins\CollKe00,2008,36,TEN,16,15,242,415,2676,7,8,12
446,Austin Davis\DaviAu00,2014,25,STL,10,8,180,284,2001,9,29,12
447,Trent Dilfer\DilfTr00,2000,28,BAL,11,8,134,226,1502,11,23,12
448,Ryan Fitzpatrick\FitzRy00,2016,34,NYJ,14,11,228,403,2710,17,19,12
449,Gus Frerotte\FrerGu00,2008,37,MIN,11,11,178,301,2157,15,29,12
450,Blaine Gabbert\GabbBl00,2011,22,JAX,15,14,210,413,2214,11,40,12
451,Jeff Garcia\GarcJe00,2008,38,TAM,12,11,244,376,2712,6,23,12
452,Joey Harrington\HarrJo00,2002,24,DET,14,12,215,429,2294,16,8,12
453,Joey Harrington\HarrJo00,2005,27,DET,12,11,188,330,2021,12,24,12
454,Joey Harrington\HarrJo00,2006,28,MIA,11,11,223,388,2236,15,15,12
455,Matt Hasselbeck\HassMa00,2010,35,SEA,14,14,266,444,3001,17,29,12
456,Chad Henne\HennCh01,2009,24,MIA,14,13,274,451,2878,14,26,12
457,Brian Hoyer\HoyeBr00,2014,29,CLE,14,13,242,438,3326,13,24,12
458,Brad Johnson\JohnBr00,2005,37,MIN,15,9,184,294,1885,4,23,12
459,Rob Johnson\JohnRo00,2000,27,BUF,12,11,175,306,2125,7,49,12
460,Jon Kitna\KitnJo00,2001,29,CIN,16,15,313,581,3216,22,25,12
461,Josh McCown\McCoJo01,2015,36,CLE,8,8,186,292,2109,4,23,12
462,Mark Sanchez\SancMa00,2009,23,NYJ,15,15,196,364,2444,20,26,12
463,Trevor Siemian\SiemTr00,2017,26,DEN,11,10,206,349,2285,14,33,12
464,Geno Smith\SmitGe00,2013,23,NYJ,16,16,247,443,3046,21,43,12
465,Ryan Tannehill\TannRy00,2012,24,MIA,16,16,282,484,3294,13,35,12
466,Tim Tebow\TeboTi00,2011,24,DEN,14,11,126,271,1729,6,33,12
467,Alex Van Pelt\VanPAl00,2001,31,BUF,12,8,178,307,2056,11,14,12
468,Michael Vick\VickMi00,2012,32,PHI,10,10,204,351,2362,10,28,12
469,Vince Young\YounVi00,2006,23,TEN,15,13,184,357,2199,13,25,12
470,Drew Bledsoe\BledDr00,2003,31,BUF,16,16,274,471,2860,12,49,11
471,Kyle Boller\BollKy00,2005,24,BAL,9,9,171,293,1799,12,23,11
472,Blake Bortles\BortBl00,2014,22,JAX,14,13,280,475,2908,17,55,11
473,Drew Brees\BreeDr00,2003,24,SDG,11,11,205,356,2108,15,21,11
474,Marc Bulger\BulgMa00,2007,30,STL,12,12,221,378,2392,15,37,11
475,Marc Bulger\BulgMa00,2008,31,STL,15,15,251,440,2720,13,38,11
476,Jason Campbell\CampJa00,2013,32,CLE,9,8,180,317,2015,8,16,11
477,David Carr\CarrDa00,2006,27,HOU,16,16,302,442,2767,12,41,11
478,Matt Cassel\CassMa00,2013,31,MIN,9,6,153,254,1807,9,16,11
479,Trent Dilfer\DilfTr00,2005,33,CLE,11,11,199,333,2321,12,23,11
480,Trent Edwards\EdwaTr01,2008,25,BUF,14,14,245,374,2699,10,23,11
481,Brett Favre*\FavrBr00,2010,41,MIN,13,13,217,358,2509,19,22,11
482,A.J. Feeley\FeelA.00,2004,27,MIA,11,8,191,356,1893,15,23,11
483,Jay Fiedler\FiedJa00,2003,32,MIA,12,11,179,314,2138,13,19,11
484,Chad Henne\HennCh01,2012,27,JAX,10,6,166,308,2084,11,28,11
485,Damon Huard\HuarDa00,2007,34,KAN,11,10,206,332,2257,13,36,11
486,Damon Huard\HuarDa00,2006,33,KAN,10,8,148,244,1878,1,16,11
487,Brad Johnson\JohnBr00,2000,32,WAS,12,11,228,365,2505,15,20,11
488,DeShone Kizer\KizeDe00,2017,21,CLE,15,15,255,476,2894,22,38,11
489,Ryan Leaf\LeafRy00,2000,24,SDG,11,9,161,322,1883,18,31,11
490,Matt Leinart\LeinMa00,2006,23,ARI,12,11,214,377,2547,12,21,11
491,EJ Manuel\ManuEJ00,2013,23,BUF,10,10,180,306,1972,9,28,11
492,Shane Matthews\MattSh00,2002,32,WAS,8,7,124,237,1251,6,9,11
493,Josh McCown\McCoJo01,2014,35,TAM,11,11,184,327,2206,14,36,11
494,Josh McCown\McCoJo01,2004,25,ARI,14,13,233,408,2511,10,31,11
495,Carson Palmer\PalmCa00,2014,35,ARI,6,6,141,224,1626,3,9,11
496,Jake Plummer\PlumJa00,2006,32,DEN,16,11,175,317,1994,13,18,11
497,Tony Romo\RomoTo00,2010,30,DAL,6,6,148,213,1605,7,7,11
498,John Skelton\SkelJo00,2011,23,ARI,8,7,151,275,1913,14,23,11
499,Kordell Stewart\StewKo00,2000,28,PIT,16,11,151,289,1860,8,30,11
500,Seneca Wallace\WallSe00,2008,28,SEA,10,8,141,242,1532,3,14,11
501,Kurt Warner*\WarnKu00,2005,34,ARI,10,10,242,375,2713,9,23,11
502,Chris Weinke\WeinCh00,2001,29,CAR,15,15,293,540,2931,19,26,11
503,Tony Banks\BankTo00,2001,28,WAS,15,14,198,370,2386,10,29,10
504,Jason Campbell\CampJa00,2006,25,WAS,7,7,110,207,1297,6,7,10
505,Matt Cassel\CassMa00,2011,29,KAN,9,9,160,269,1713,9,22,10
506,Chris Chandler\ChanCh00,2000,35,ATL,14,13,192,331,2236,12,40,10
507,Kirk Cousins\CousKi00,2014,26,WAS,6,5,126,204,1710,9,8,10
508,Josh Freeman\FreeJo00,2009,21,TAM,10,9,158,290,1855,18,20,10
509,Charlie Frye\FryeCh00,2006,25,CLE,13,13,252,393,2454,17,44,10
510,Blaine Gabbert\GabbBl00,2015,26,SFO,8,8,178,282,2031,7,25,10
511,Jeff Garcia\GarcJe00,2006,36,PHI,8,6,116,188,1309,2,6,10
512,Jeff Garcia\GarcJe00,2004,34,CLE,11,10,144,252,1731,9,24,10
513,David Garrard\GarrDa00,2006,28,JAX,11,10,145,241,1735,9,20,10
514,Mike Glennon\GlenMi00,2014,25,TAM,6,5,117,203,1417,6,16,10
515,Quinn Gray\GrayQu00,2007,28,JAX,8,4,80,144,986,5,10,10
516,Brian Griese\GrieBr00,2007,32,CHI,7,6,161,262,1803,12,15,10
517,Kelly Holcomb\HolcKe00,2005,32,BUF,10,8,155,230,1509,8,17,10
518,Kelly Holcomb\HolcKe00,2003,30,CLE,10,8,193,302,1797,12,21,10
519,Colin Kaepernick\KaepCo00,2012,25,SFO,13,7,136,218,1814,3,16,10
520,Jake Locker\LockJa00,2012,24,TEN,11,11,177,314,2176,11,25,10
521,Josh McCown\McCoJo01,2007,28,OAK,9,9,111,190,1151,11,14,10
522,Brock Osweiler\OsweBr00,2015,25,DEN,8,7,170,275,1967,6,23,10
523,Chad Pennington\PennCh01,2007,31,NYJ,9,8,179,260,1765,9,26,10
524,Patrick Ramsey\RamsPa00,2004,25,WAS,9,7,169,272,1665,11,23,10
525,Tim Rattay\RattTi00,2004,27,SFO,9,9,198,325,2169,10,37,10
526,Chris Redman\RedmCh00,2007,30,ATL,7,4,89,149,1079,5,9,10
527,Matt Schaub\SchaMa00,2013,32,HOU,10,8,219,358,2310,14,21,10
528,Chris Simms\SimmCh00,2005,25,TAM,11,10,191,313,2035,7,29,10
529,Vince Young\YounVi00,2009,26,TEN,12,10,152,259,1879,7,9,10
530,Vince Young\YounVi00,2010,27,TEN,9,8,93,156,1255,3,13,10
531,Derek Anderson\AndeDe00,2008,25,CLE,10,9,142,283,1615,8,14,9
532,Kyle Boller\BollKy00,2007,26,BAL,12,8,168,275,1743,10,24,9
533,Aaron Brooks\BrooAa00,2000,24,NOR,8,5,113,194,1514,6,15,9
534,David Carr\CarrDa00,2002,23,HOU,16,16,233,444,2592,15,76,9
535,David Carr\CarrDa00,2003,24,HOU,12,11,167,295,2013,13,15,9
536,Jay Cutler\CutlJa00,2006,23,DEN,5,5,81,137,1001,5,13,9
537,Ryan Fitzpatrick\FitzRy00,2009,27,BUF,10,8,127,227,1422,10,21,9
538,Doug Flutie\FlutDo00,2003,41,SDG,7,5,91,167,1097,4,8,9
539,Gus Frerotte\FrerGu00,2000,29,DEN,10,6,138,232,1776,8,12,9
540,Blaine Gabbert\GabbBl00,2012,23,JAX,10,10,162,278,1662,6,22,9
541,Bruce Gradkowski\GradBr00,2006,23,TAM,13,11,177,328,1661,9,25,9
542,Matt Hasselbeck\HassMa00,2015,40,IND,8,8,156,256,1690,5,16,9
543,Brett Hundley\HundBr00,2017,24,GNB,11,9,192,316,1836,12,29,9
544,Tarvaris Jackson\JackTa00,2007,24,MIN,12,12,171,294,1911,12,19,9
545,Tarvaris Jackson\JackTa00,2008,25,MIN,9,5,88,149,1056,2,14,9
546,Brad Johnson\JohnBr00,2006,38,MIN,15,14,270,439,2750,15,29,9
547,Case Keenum\KeenCa00,2016,28,LAR,10,9,196,322,2201,11,23,9
548,Case Keenum\KeenCa00,2013,25,HOU,8,8,137,253,1760,6,19,9
549,Kevin Kolb\KolbKe00,2011,27,ARI,9,9,146,253,1955,8,30,9
550,Peyton Manning\MannPe00,2015,39,DEN,10,9,198,331,2249,17,16,9
551,Josh McCown\McCoJo01,2005,26,ARI,9,6,163,270,1836,11,18,9
552,Kyle Orton\OrtoKy00,2011,29,2TM,9,8,150,252,1758,9,10,9
553,Kyle Orton\OrtoKy00,2005,23,CHI,15,15,190,368,1869,13,30,9
554,Carson Palmer\PalmCa00,2017,38,ARI,7,7,164,267,1978,7,22,9
555,Patrick Ramsey\RamsPa00,2002,23,WAS,9,5,117,227,1539,8,18,9
556,Matt Schaub\SchaMa00,2007,26,HOU,11,11,192,289,2241,9,16,9
557,Brandon Weeden\WeedBr00,2013,30,CLE,8,5,141,267,1731,9,27,9
558,Anthony Wright\WrigAn00,2003,27,BAL,7,7,94,178,1199,8,19,9
559,Vince Young\YounVi00,2007,24,TEN,15,15,238,382,2546,17,25,9
560,Tony Banks\BankTo00,2000,27,BAL,11,8,150,274,1578,8,20,8
561,Matt Barkley\BarkMa00,2016,26,CHI,7,6,129,216,1611,14,6,8
562,Mark Brunell\BrunMa00,2006,36,WAS,10,9,162,260,1789,4,12,8
563,Kellen Clemens\ClemKe00,2013,30,STL,10,9,142,242,1673,7,21,8
564,Jake Delhomme\DelhJa00,2009,34,CAR,11,11,178,321,2015,18,23,8
565,Ryan Fitzpatrick\FitzRy00,2008,26,CIN,13,12,221,372,1905,9,38,8
566,Doug Flutie\FlutDo00,2000,38,BUF,11,5,132,231,1700,3,10,8
567,Matt Flynn\FlynMa00,2013,28,3TM,9,5,124,200,1392,5,24,8
568,Jim Harbaugh\HarbJi00,2000,37,SDG,7,5,123,202,1416,10,14,8
569,Shaun Hill\HillSh00,2014,34,STL,9,8,145,229,1657,7,18,8
570,Kelly Holcomb\HolcKe00,2002,29,CLE,4,2,64,106,790,4,5,8
571,Doug Johnson\JohnDo00,2003,26,ATL,10,8,136,243,1655,12,19,8
572,Kevin Kolb\KolbKe00,2012,28,ARI,6,5,109,183,1169,3,27,8
573,Jake Locker\LockJa00,2013,25,TEN,7,7,111,183,1256,4,16,8
574,J.P. Losman\LosmJ.00,2005,24,BUF,9,8,113,228,1340,8,26,8
575,Matt McGloin\McGlMa01,2013,24,OAK,7,6,118,211,1547,8,6,8
576,Steve McNair\McNaSt00,2004,31,TEN,8,8,129,215,1343,9,13,8
577,Cade McNown\McNoCa00,2000,23,CHI,10,9,154,280,1646,9,27,8
578,Zach Mettenberger\MettZa00,2014,23,TEN,7,6,107,179,1412,7,18,8
579,Matt Moore\MoorMa01,2009,25,CAR,7,5,85,138,1053,2,9,8
580,J.T. O'Sullivan\OSulJ.00,2008,29,SFO,9,8,128,220,1678,11,32,8
581,Dan Orlovsky\OrloDa00,2008,25,DET,10,7,143,255,1616,8,14,8
582,Brady Quinn\QuinBr00,2009,25,CLE,10,9,136,256,1339,7,19,8
583,Seneca Wallace\WallSe00,2006,26,SEA,8,4,82,141,927,7,14,8
584,Troy Aikman*\AikmTr00,2000,34,DAL,11,11,156,262,1632,14,13,7
585,Derek Anderson\AndeDe00,2010,27,ARI,12,9,169,327,2065,10,25,7
586,Drew Bledsoe\BledDr00,2006,34,DAL,6,6,90,169,1164,8,16,7
587,Kyle Boller\BollKy00,2003,22,BAL,11,9,116,224,1260,9,17,7
588,Brooks Bollinger\BollBr00,2005,26,NYJ,11,9,150,266,1558,6,32,7
589,Mark Brunell\BrunMa00,2004,34,WAS,9,9,118,237,1194,6,15,7
590,Quincy Carter\CartQu00,2002,25,DAL,7,7,125,221,1465,8,19,7
591,Tim Couch\CoucTi00,2000,23,CLE,7,7,137,215,1483,9,10,7
592,Tim Couch\CoucTi00,2003,26,CLE,10,8,120,203,1319,6,19,7
593,Trent Dilfer\DilfTr00,2001,29,SEA,6,4,73,122,1014,4,10,7
594,Trent Dilfer\DilfTr00,2007,35,SFO,7,6,113,219,1166,12,27,7
595,Trent Edwards\EdwaTr01,2007,24,BUF,10,9,151,269,1630,8,12,7
596,Jay Fiedler\FiedJa00,2004,33,MIA,8,7,101,190,1186,8,25,7
597,Ryan Fitzpatrick\FitzRy00,2017,35,TAM,6,3,96,163,1103,3,7,7
598,Nick Foles\FoleNi00,2015,26,STL,11,11,190,337,2052,10,14,7
599,Gus Frerotte\FrerGu00,2007,36,STL,8,3,94,167,1014,12,11,7
600,Jimmy Garoppolo\GaroJi00,2017,26,SFO,6,5,120,178,1560,5,8,7
601,Jeff George\GeorJe00,2000,33,WAS,6,5,113,194,1389,6,12,7
602,Trent Green\GreeTr00,2006,36,KAN,8,8,121,198,1342,9,24,7
603,Brian Griese\GrieBr00,2005,30,TAM,6,6,112,174,1136,7,12,7
604,Rex Grossman\GrosRe00,2010,30,WAS,4,3,74,133,884,4,9,7
605,Joey Harrington\HarrJo00,2007,29,ATL,12,10,215,348,2215,8,32,7
606,Matt Hasselbeck\HassMa00,2012,37,TEN,8,5,138,221,1367,5,14,7
607,Matt Hasselbeck\HassMa00,2001,26,SEA,13,12,176,321,2023,8,38,7
608,Chad Hutchinson\HutcCh00,2002,25,DAL,9,9,127,250,1555,8,34,7
609,Kevin Kolb\KolbKe00,2010,26,PHI,7,5,115,189,1197,7,15,7
610,Byron Leftwich\LeftBy00,2006,26,JAX,6,6,108,183,1159,5,9,7
611,Johnny Manziel\ManzJo00,2015,23,CLE,10,6,129,223,1500,5,19,7
612,Jamie Martin\MartJa00,2002,32,STL,5,2,124,195,1216,10,10,7
613,Mike McMahon\McMaMi00,2002,23,DET,8,4,62,147,874,9,12,7
614,Christian Ponder\PondCh00,2013,25,MIN,9,9,152,239,1648,9,27,7
615,Terrelle Pryor\PryoTe00,2013,24,OAK,11,9,156,272,1798,11,31,7
616,Tim Rattay\RattTi00,2003,26,SFO,11,3,73,118,856,2,7,7
617,Chris Redman\RedmCh00,2002,25,BAL,6,6,97,182,1034,3,11,7
618,Drew Stanton\StanDr00,2014,30,ARI,9,8,132,240,1711,5,11,7
619,Kordell Stewart\StewKo00,2003,31,CHI,9,7,126,251,1418,12,25,7
620,Vinny Testaverde\TestVi00,2003,40,NYJ,7,7,123,198,1385,2,6,7
621,Mitch Trubisky\TrubMi00,2017,23,CHI,12,12,196,330,2193,7,31,7
622,Charlie Whitehurst\WhitCh02,2014,32,TEN,7,5,105,185,1326,2,18,7
623,Steve Beuerlein\BeueSt00,2002,37,DEN,8,3,68,117,925,5,12,6
624,Sam Bradford\BradSa00,2011,24,STL,10,10,191,357,2164,6,36,6
625,Jason Campbell\CampJa00,2011,30,OAK,6,6,100,165,1170,4,5,6
626,Matt Cassel\CassMa00,2012,30,KAN,9,8,161,277,1796,12,19,6
627,Kerry Collins\CollKe00,2009,37,TEN,7,6,119,216,1225,8,6,6
628,Brodie Croyle\CroyBr00,2007,24,KAN,9,6,127,224,1227,6,17,6
629,Daunte Culpepper\CulpDa00,2005,28,MIN,7,7,139,216,1564,12,31,6
630,Randall Cunningham\CunnRa00,2000,37,DAL,6,3,74,125,849,4,8,6
631,Ken Dorsey\DorsKe00,2004,23,SFO,8,7,123,226,1231,9,13,6
632,Trent Edwards\EdwaTr01,2009,26,BUF,8,7,110,183,1169,7,23,6
633,A.J. Feeley\FeelA.00,2002,25,PHI,6,5,86,154,1011,5,7,6
634,Nick Foles\FoleNi00,2012,23,PHI,7,6,161,265,1699,5,20,6
635,Blaine Gabbert\GabbBl00,2017,28,ARI,5,5,95,171,1086,6,23,6
636,Rich Gannon\GannRi00,2003,38,OAK,7,7,125,225,1274,4,17,6
637,Bruce Gradkowski\GradBr00,2009,26,OAK,7,4,82,150,1007,3,11,6
638,Brian Hoyer\HoyeBr00,2016,31,CHI,6,5,134,200,1445,0,4,6
639,Colin Kaepernick\KaepCo00,2015,28,SFO,9,8,144,244,1615,5,28,6
640,Cody Kessler\KessCo00,2016,23,CLE,9,8,128,195,1380,2,21,6
641,Cleo Lemon\LemoCl00,2007,28,MIA,9,7,173,309,1773,6,25,6
642,Eli Manning\MannEl00,2004,23,NYG,9,7,95,197,1043,9,13,6
643,A.J. McCarron\McCaA.00,2015,25,CIN,7,3,79,119,854,2,12,6
644,Josh McCown\McCoJo01,2016,37,CLE,5,3,90,165,1100,6,18,6
645,Colt McCoy\McCoCo00,2010,24,CLE,8,8,135,222,1576,9,23,6
646,Dan Orlovsky\OrloDa00,2011,28,IND,8,5,122,193,1201,4,14,6
647,Curtis Painter\PainCu00,2011,26,IND,9,8,132,243,1541,9,16,6
648,Sage Rosenfels\RoseSa00,2008,30,HOU,6,5,116,174,1431,10,9,6
649,Drew Stanton\StanDr00,2017,33,ARI,5,4,79,159,894,5,7,6
650,Kordell Stewart\StewKo00,2002,30,PIT,7,5,109,166,1155,6,7,6
651,Kurt Warner*\WarnKu00,2006,35,ARI,6,5,108,168,1377,5,14,6
652,Kurt Warner*\WarnKu00,2004,33,NYG,10,9,174,277,2054,4,39,6
653,Anthony Wright\WrigAn00,2005,29,BAL,9,7,164,266,1582,9,19,6
654,Derek Anderson\AndeDe00,2006,23,CLE,5,3,66,117,793,8,8,5
655,Tony Banks\BankTo00,2003,30,HOU,7,3,61,102,693,3,13,5
656,Marc Bulger\BulgMa00,2009,32,STL,9,8,140,247,1469,6,14,5
657,Quincy Carter\CartQu00,2001,24,DAL,8,8,90,176,1072,7,12,5
658,Matt Cassel\CassMa00,2015,33,2TM,10,8,119,204,1276,7,14,5
659,Kellen Clemens\ClemKe00,2007,24,NYJ,10,8,130,250,1529,10,27,5
660,Todd Collins\CollTo00,2007,36,WAS,4,3,67,105,888,0,7,5
661,Daunte Culpepper\CulpDa00,2007,30,OAK,7,6,108,186,1331,5,21,5
662,A.J. Feeley\FeelA.00,2007,30,PHI,3,2,59,103,681,8,3,5
663,Nick Foles\FoleNi00,2017,28,PHI,7,3,57,101,537,2,5,5
664,Blaine Gabbert\GabbBl00,2016,27,SFO,6,5,91,160,925,6,11,5
665,Jared Goff\GoffJa00,2016,22,LAR,7,7,112,205,1089,7,26,5
666,Bruce Gradkowski\GradBr00,2010,27,OAK,6,4,83,157,1059,7,10,5
667,Trent Green\GreeTr00,2007,37,MIA,5,5,85,141,987,7,7,5
668,Brian Griese\GrieBr00,2003,28,MIA,5,5,74,130,813,6,12,5
669,Brian Griese\GrieBr00,2008,33,TAM,5,5,110,184,1073,7,9,5
670,Matt Hasselbeck\HassMa00,2008,33,SEA,7,7,109,209,1216,10,19,5
671,Tim Hasselbeck\HassTi00,2003,25,WAS,7,5,95,177,1012,7,9,5
672,Shaun Hill\HillSh00,2009,29,SFO,6,6,87,155,943,2,18,5
673,Rob Johnson\JohnRo00,2001,28,BUF,8,8,134,216,1465,7,31,5
674,Jon Kitna\KitnJo00,2004,32,CIN,4,3,61,104,623,4,6,5
675,Jon Kitna\KitnJo00,2008,36,DET,4,4,68,120,758,5,15,5
676,Jake Locker\LockJa00,2014,26,TEN,7,5,86,146,993,7,14,5
677,Ryan Mallett\MallRy00,2015,27,2TM,8,6,136,244,1336,6,6,5
678,EJ Manuel\ManuEJ00,2014,24,BUF,5,4,76,131,838,3,6,5
679,Jamie Martin\MartJa00,2005,35,STL,8,5,124,177,1277,7,11,5
680,Shane Matthews\MattSh00,2001,31,CHI,4,3,84,129,694,6,6,5
681,Josh McCown\McCoJo01,2003,24,ARI,8,3,95,166,1018,6,25,5
682,Luke McCown\McCoLu00,2007,26,TAM,5,3,94,139,1009,3,15,5
683,Mike McMahon\McMaMi00,2005,26,PHI,9,7,94,207,1158,8,19,5
684,Matt Moore\MoorMa01,2010,26,CAR,6,5,79,143,857,10,13,5
685,Brock Osweiler\OsweBr00,2017,27,DEN,6,4,96,172,1088,5,10,5
686,Tony Romo\RomoTo00,2015,35,DAL,4,4,83,121,884,7,6,5
687,Tom Savage\SavaTo00,2017,27,HOU,8,7,125,223,1412,6,21,5
688,Troy Smith\SmitTr02,2010,26,SFO,6,6,73,145,1176,4,18,5
689,Vinny Testaverde\TestVi00,2007,44,CAR,7,6,94,172,952,6,9,5
690,Michael Vick\VickMi00,2013,33,PHI,7,6,77,141,1215,3,15,5
691,Brandon Weeden\WeedBr00,2015,32,2TM,6,4,97,140,1043,2,10,5
692,C.J. Beathard\BeatC.00,2017,24,SFO,7,5,123,224,1430,6,19,4
693,Chris Chandler\ChanCh00,2002,37,CHI,9,7,103,161,1023,4,23,4
694,Kirk Cousins\CousKi00,2013,25,WAS,5,3,81,155,854,7,5,4
695,Daunte Culpepper\CulpDa00,2008,31,DET,5,5,60,115,786,6,14,4
696,Jay Cutler\CutlJa00,2016,33,CHI,5,5,81,137,1059,5,17,4
697,Trent Dilfer\DilfTr00,2002,30,SEA,6,6,94,168,1182,6,7,4
698,Ryan Fitzpatrick\FitzRy00,2005,23,STL,4,3,76,135,777,8,9,4
699,Charlie Frye\FryeCh00,2005,24,CLE,7,5,98,164,1002,5,22,4
700,David Garrard\GarrDa00,2005,27,JAX,7,5,98,168,1117,1,8,4
701,Mike Glennon\GlenMi00,2017,28,CHI,4,4,93,140,833,5,8,4
702,Robert Griffin\GrifRo01,2014,24,WAS,9,7,147,214,1694,6,33,4
703,Rex Grossman\GrosRe00,2007,27,CHI,8,7,122,225,1411,7,25,4
704,Chad Henne\HennCh01,2011,26,MIA,4,4,64,112,868,4,11,4
705,Brian Hoyer\HoyeBr00,2017,32,2TM,11,6,123,211,1287,4,16,4
706,Chad Hutchinson\HutcCh00,2004,27,CHI,5,5,92,161,903,3,23,4
707,Josh Johnson\JohnJo05,2009,23,TAM,6,4,63,125,685,8,11,4
708,Case Keenum\KeenCa00,2015,27,STL,6,5,76,125,828,1,4,4
709,Byron Leftwich\LeftBy00,2009,29,TAM,3,3,58,107,594,3,2,4
710,Thaddeus Lewis\LewiTh01,2013,28,BUF,6,5,93,157,1092,3,18,4
711,J.P. Losman\LosmJ.00,2007,26,BUF,8,7,111,175,1204,6,14,4
712,Ray Lucas\LucaRa00,2002,30,MIA,7,6,92,160,1045,6,12,4
713,Colt McCoy\McCoCo00,2014,28,WAS,5,4,91,128,1057,3,17,4
714,Donovan McNabb\McNaDo00,2011,35,MIN,6,6,94,156,1026,2,16,4
715,Zach Mettenberger\MettZa00,2015,24,TEN,7,4,101,166,935,7,13,4
716,Kellen Moore\MoorKe02,2015,27,DAL,3,2,61,104,779,6,5,4
717,Matt Moore\MoorMa01,2017,33,MIA,4,2,78,127,861,5,12,4
718,Tim Rattay\RattTi00,2006,29,TAM,4,2,61,101,748,2,4,4
719,Chris Redman\RedmCh00,2009,32,ATL,6,2,69,119,781,3,8,4
720,Drew Stanton\StanDr00,2010,26,DET,6,3,69,119,780,3,6,4
721,Michael Vick\VickMi00,2003,23,ATL,5,4,50,100,585,3,9,4
722,Seneca Wallace\WallSe00,2010,30,CLE,8,4,64,101,694,2,6,4
723,Vince Young\YounVi00,2011,28,PHI,6,3,66,114,866,9,8,4
724,Derek Anderson\AndeDe00,2009,26,CLE,8,7,81,182,888,10,11,3
725,Kyle Boller\BollKy00,2009,28,STL,7,4,98,176,899,6,17,3
726,Aaron Brooks\BrooAa00,2006,30,OAK,8,8,110,192,1105,8,26,3
727,David Carr\CarrDa00,2007,28,CAR,6,4,73,136,635,5,13,3
728,Chris Chandler\ChanCh00,2003,38,CHI,8,6,107,192,1050,7,14,3
729,Jimmy Clausen\ClauJi00,2010,23,CAR,13,10,157,299,1558,9,33,3
730,Daunte Culpepper\CulpDa00,2009,32,DET,8,5,89,157,945,6,14,3
731,Ty Detmer\DetmTy00,2001,34,DET,4,4,92,151,906,10,12,3
732,Jeff Garcia\GarcJe00,2005,35,DET,6,5,102,173,937,6,6,3
733,Caleb Hanie\HaniCa00,2011,26,CHI,6,4,51,102,613,9,19,3
734,Brad Johnson\JohnBr00,2004,36,TAM,4,4,65,103,674,3,8,3
735,Craig Krenzel\KrenCr00,2004,23,CHI,6,5,59,127,718,6,23,3
736,Shane Matthews\MattSh00,2000,30,CHI,6,5,102,178,964,6,5,3
737,Mike McMahon\McMaMi00,2001,22,DET,8,3,53,115,671,1,21,3
738,Rick Mirer\MireRi00,2003,33,OAK,9,8,116,221,1267,5,22,3
739,Scott Mitchell\MitcSc00,2000,32,CIN,8,5,89,187,966,8,16,3
740,Matt Moore\MoorMa01,2007,23,CAR,9,3,63,111,730,5,6,3
741,Keith Null\NullKe00,2009,24,STL,4,4,73,119,566,9,13,3
742,Carson Palmer\PalmCa00,2008,29,CIN,4,4,75,129,731,4,11,3
743,Jesse Palmer\PalmJe00,2003,25,NYG,6,3,60,116,532,4,16,3
744,Bryce Petty\PettBr01,2016,25,NYJ,6,4,75,133,809,7,13,3
745,JaMarcus Russell\RussJa00,2009,24,OAK,12,9,120,246,1287,11,33,3
746,Akili Smith\SmitAk00,2000,25,CIN,12,11,118,267,1253,6,36,3
747,Michael Vick\VickMi00,2014,34,NYJ,10,3,64,121,604,2,19,3
748,Seneca Wallace\WallSe00,2009,29,SEA,13,2,78,120,700,2,9,3
749,Andrew Walter\WaltAn00,2006,24,OAK,12,8,147,276,1677,13,46,3
750,Kurt Warner*\WarnKu00,2002,31,STL,7,6,144,220,1431,11,21,3
751,T.J. Yates\YateT.00,2011,24,HOU,6,5,82,134,949,3,15,3
752,John Beck\BeckJo00,2011,30,WAS,4,3,80,132,858,4,16,2
753,Todd Bouman\BoumTo00,2005,33,NOR,16,3,68,122,722,7,8,2
754,Jimmy Clausen\ClauJi00,2015,28,2TM,5,3,72,125,739,4,7,2
755,Daunte Culpepper\CulpDa00,2006,29,MIA,4,4,81,134,929,3,21,2
756,Jake Delhomme\DelhJa00,2010,35,CLE,5,4,93,149,872,7,6,2
757,Trent Edwards\EdwaTr01,2010,27,2TM,5,3,55,101,521,5,11,2
758,Josh Freeman\FreeJo00,2013,25,2TM,4,4,63,147,761,4,8,2
759,Robert Griffin\GrifRo01,2016,26,CLE,5,5,87,147,886,3,22,2
760,Danny Kanell\KaneDa00,2000,27,ATL,5,1,57,116,524,5,8,2
761,Danny Kanell\KaneDa00,2003,30,DEN,5,2,53,103,442,5,2,2
762,Kurt Kittner\KittKu00,2003,23,ATL,7,4,44,114,391,6,5,2
763,Matt Leinart\LeinMa00,2007,24,ARI,5,5,60,112,647,4,4,2
764,J.P. Losman\LosmJ.00,2008,27,BUF,5,2,63,104,584,5,15,2
765,Steve McNair\McNaSt00,2007,34,BAL,6,6,133,205,1113,4,11,2
766,Tyler Palko\PalkTy00,2011,28,KAN,6,4,80,134,796,7,11,2
767,Doug Pederson\PedeDo00,2000,32,CLE,11,8,117,210,1047,8,17,2
768,Brady Quinn\QuinBr00,2012,28,KAN,10,8,112,197,1141,8,21,2